"Country","Premium","Avg_Profit","Loss_Probability","Health_Threshold"
"Palominia",2.8813175204487,1.03231185993677,0.1,-76.2069289096181
"Ambernia",92.5791682531278,69.3085942796975,0.1,-75.099144807973
