"","Blood Pressure","Cholesterol","Diabetes"
"Blood Pressure",1,0.999792991821778,0.819952015263425
"Cholesterol",0.999792991821778,1,0.82299018778438
"Diabetes",0.819952015263425,0.82299018778438,1
